Server Config,OCC,DINA,MEIDA,Ours
8_Mixed_Hetero,4456.8516269941865,10396.60391615361,657.6010517020122,621.8967244777335
