Server Config,OCC,DINA,MEIDA,Ours
8_Mixed_Hetero,8395.832867568075,29653.005935542373,7653.927801807463,5090.992493130095
