Server Config,OCC,DINA,MEIDA,Ours
8_Mixed_Hetero,9523.32442357867,10801.906371123403,4335.5043565693495,3592.4052353374664
