Server Config,OCC,DINA,MEIDA,Ours
8_Mixed_Hetero,15679.26303613601,31944.667828680376,1976.139352181061,1976.139352181061
