Server Config,OCC,DINA,MEIDA,Ours
8_Mixed_Hetero,10491.71515619381,18469.432445074508,1246.9522868238103,1142.6162749759137
