Server number,OCC,DINA,MEIDA,Ours
1,4405.216566253969,4405.211566253969,5704.0275014651515,5704.0275014651515
2,4405.216566253969,17900.788203064272,5704.0275014651515,5704.0275014651515
3,1881.5308295880527,17900.788203064272,3180.3417647992337,3180.3417647992337
4,1881.5308295880527,17900.788203064272,3180.3417647992337,3180.3417647992337
5,1881.5308295880527,17900.788203064272,3180.3417647992337,3180.3417647992337
6,1881.5308295880527,17900.788203064272,3180.3417647992337,3180.3417647992337
7,1881.5308295880527,17900.788203064272,3180.3417647992337,3180.3417647992337
8,1881.5308295880527,17900.788203064272,3180.3417647992337,3180.3417647992337
