Server number,OCC,DINA,MEDIA,Ours
1,4875.670103174746,4875.670103174745,4875.705103174745,4876.265103174743
2,4875.670103174746,4880.6708184304825,4875.735103174746,3050.0168475231735
3,1852.9523861986813,3322.699745292486,1852.9523861986813,1408.7773785106904
4,1852.9523861986813,1857.9531014544186,1852.9523861986813,1107.0081719871898
5,1852.9523861986813,1857.9531014544186,1852.9523861986813,1158.8972661917546
6,1852.9523861986813,1857.9531014544186,1852.9523861986813,1686.6559086409234
7,1813.5847626055763,1837.6622160595357,1813.6197626055762,1596.0992485751456
8,1638.8884349655123,1728.5433864287934,1638.923434965512,1301.7441860687127
