Server number,OCC,DINA,MEDIA,Ours
1,6882.970341850358,33686.30832551382,6882.970341850359,6882.970341850355
2,6882.970341850358,31398.366538326612,6553.604891856136,6260.865475481045
3,814.1147716167089,5884.220476162377,814.1147716167093,762.2468009693519
4,814.1147716167089,4317.850020371117,814.1147716167093,713.2874762376765
5,814.1147716167089,5181.330525654255,814.1147716167093,713.2874762376765
6,814.1147716167089,1811.4531602045217,814.1147716167093,713.2874762376765
7,735.0745025277081,2300.788400897878,735.074502527708,644.0362649524651
8,384.32829319976616,2503.476411984839,384.3282931997663,336.72962076194887
