Server number,OCC,DINA,MEDIA,Ours
1,32395.34500701586,790266.1610863672,32395.345007015832,32395.34500701583
2,32395.34500701586,386183.33271126205,29869.90496643398,32058.316415151978
3,4111.681874166371,75225.52615260032,3831.707473948107,3791.8438770609873
4,4111.681874166371,43398.71328373278,3831.707473948107,3791.8438770609873
5,4111.681874166371,30113.536172872467,3831.707473948107,3791.8438770609873
6,4111.681874166371,25125.370415898913,3831.707473948107,3791.8438770609873
7,3862.374167936628,19278.50795960177,3459.6970395842163,3423.7036948220566
8,2995.379155267902,16220.74149314706,1808.8771323714425,1790.0582769881817
