Server number,OCC,DINA,MEDIA,Ours
1,3428.2042399850484,15426.919079932717,3428.2042399850484,3428.204239985048
2,3428.2042399850484,3428.2042399850484,3186.247697247508,3075.2647345451064
3,405.4865230089842,1516.6389403813848,405.4865230089843,372.890851504053
4,405.4865230089842,405.48652300898414,405.4865230089843,362.70692699021777
5,405.4865230089842,405.4865230089842,405.4865230089843,362.70692699021777
6,405.4865230089842,405.4865230089842,405.4865230089843,362.70692699021777
7,366.11889941587896,366.1188994158789,366.1188994158789,327.4926622338859
8,191.42257177581487,191.42257177581487,191.422571775815,171.22712797000133
