Server number,OCC,DINA,MEDIA,Ours
1,32395.345007015832,32395.345007015832,32395.345007015832,32395.34500701583
2,32395.345007015832,32395.345007015832,29869.90496643398,32058.316415151978
3,3831.707473948109,3831.7074739481095,3831.707473948107,3791.8438770609873
4,3831.707473948109,3831.7074739481095,3831.707473948107,3791.8438770609873
5,3831.707473948109,3831.7074739481095,3831.707473948107,3791.8438770609873
6,3831.707473948109,3831.7074739481095,3831.707473948107,3791.8438770609873
7,3459.697039584215,3459.6970395842145,3459.6970395842163,3423.7036948220566
8,1808.8771323714425,1808.8771323714425,1808.8771323714425,1790.0582769881817
