Server number,OCC,DINA,MEDIA,Ours
1,6882.970341850358,9738.770170188982,6882.970341850358,6882.970341850355
2,6882.970341850358,10563.770170188982,6383.601950032804,6260.865475481045
3,814.1147716167089,7493.161988393911,814.114771616709,762.2468009693519
4,814.1147716167089,4494.914599955332,814.114771616709,713.2874762376765
5,814.1147716167089,4494.914599955332,814.114771616709,713.2874762376765
6,814.1147716167089,4494.914599955332,814.114771616709,713.2874762376765
7,735.0745025277081,4454.923254940241,735.0745025277076,644.0362649524651
8,384.3282931997662,4238.410199839973,384.3282931997662,336.72962076194887
