Server number,OCC,DINA,MEDIA,Ours
1,13688.983636363637,13688.983636363637,13688.983636363635,13688.983636363626
2,13688.983636363637,13688.983636363637,13688.983636363635,9886.548749999998
3,1619.1270967741934,1619.1270967741934,1619.1270967741934,1471.5740591397846
4,1619.1270967741934,1619.1270967741934,1619.1270967741934,1167.714853410618
5,1619.1270967741934,1619.1270967741934,1619.1270967741934,1048.5204637096767
6,1619.1270967741934,1619.1270967741937,1619.1270967741934,985.5477284946234
7,1461.9302912621358,1461.9302912621358,1461.9302912621354,872.1009385765734
8,764.3594923857868,764.3594923857868,764.3594923857867,510.75844553381376
