Server number,OCC,DINA,MEDIA,Ours
1,14465.54377277721,14465.543772777211,14465.543772777211,14469.653772777187
2,14465.54377277721,14470.54379661907,14465.543772777211,9741.723310652198
3,2395.687233187768,2708.5960546835845,2395.6872331877676,1941.887758714519
4,2395.687233187768,2400.6872570296255,2395.6872331877676,1431.8372676082458
5,2395.687233187768,2400.6872570296255,2395.6872331877676,1233.7287650514868
6,2395.687233187768,2400.6872570296255,2395.6872331877676,1147.6514468248672
7,2238.4904276757106,2247.5006300330706,2238.49042767571,1024.1006594702822
8,1540.9196287993611,1563.7150742567137,1540.9196287993614,668.5412181692602
