Server number,OCC,DINA,MEDIA,Ours
1,32395.345007015832,42466.271736294395,32395.345007015836,32395.34500701583
2,32395.345007015832,48507.834236294395,28973.242606142034,32058.316415151978
3,3831.7074739481095,33568.31623994517,3831.7074739481113,3791.8438770609873
4,3831.7074739481095,19944.196703226673,3831.7074739481113,3791.8438770609873
5,3831.7074739481095,19944.196703226673,3831.7074739481113,3791.8438770609873
6,3831.7074739481095,19944.196703226673,3831.7074739481113,3791.8438770609873
7,3459.6970395842154,19749.62566609686,3459.697039584215,3423.7036948220566
8,1808.8771323714425,18708.764945721236,1808.8771323714404,1790.0582769881817
