Server number,OCC,DINA,MEDIA,Ours
1,21656.4184872947,525443.1980866672,21656.41848729467,21656.41848729469
2,21656.4184872947,255869.8787316365,20709.331706403245,20761.54017126328
3,3196.50396419885,47825.834825778176,2561.511864088618,2455.666041762323
4,3196.50396419885,26849.344326963463,2561.511864088618,2455.666041762323
5,3196.50396419885,19561.246726584126,2561.511864088618,2455.666041762323
6,3196.50396419885,15652.628901338468,2561.511864088618,2455.666041762323
7,3063.9875020431396,12124.828024084334,2312.821391847006,2217.251862950447
8,2688.3088719819693,9715.803305212848,1209.2416414225459,1159.2738166695228
