Server number,OCC,DINA,MEDIA,Ours
1,2671.1542436317936,2671.1542436317936,2671.1542436317936,2671.1542436317945
2,2671.1542436317936,2671.1542436317936,2671.1542436317936,2540.664213177438
3,329.3772795695595,1609.3402228336715,315.9429750532229,315.94297505322294
4,329.3772795695595,1414.8006445330684,315.9429750532229,305.65343860162494
5,329.3772795695595,1414.8006445330684,315.9429750532229,302.87538392422795
6,329.3772795695595,1414.8006445330684,315.9429750532229,300.50867037582594
7,298.91589320358287,1414.8006445330684,285.2688998053372,270.55298487584355
8,163.74155837547735,1414.8006445330684,149.15074456827276,149.15074456827267
