Server number,OCC,DINA,MEDIA,Ours
1,13688.983636363644,14465.543772777219,13688.983636363635,13688.983636363628
2,13688.983636363644,14495.543772777219,11293.988302556818,9886.548749999998
3,1619.1270967741943,2733.5960308417275,1625.5866849951121,1471.5740591397846
4,1619.1270967741943,2425.6872331877685,1521.5139381720428,1167.7148534106182
5,1619.1270967741943,2425.6872331877685,1521.5139381720428,1048.520463709677
6,1619.1270967741943,2425.6872331877685,1521.5139381720428,985.5477284946234
7,1461.9302912621367,2272.500606191213,1391.2701434126734,872.1009385765735
8,764.3594923857872,1588.715050414856,758.5293908629444,510.75844553381376
