Server number,OCC,DINA,MEDIA,Ours
1,31050.07556043789,31050.075560437883,31050.265560437885,31056.535560437846
2,31050.07556043789,31115.08040510341,31050.34556043788,15562.818651071995
3,12560.671490307453,21485.680969872254,12560.911490307453,7064.353893738292
4,12560.671490307453,12625.676334972983,12560.941490307458,4973.751270879769
5,12560.671490307453,12625.676334972983,12560.856490307457,3660.5957073545724
6,12560.671490307453,12625.676334972983,12560.91649030746,3698.015336583095
7,12319.867032846603,12500.263839368507,12320.142032846607,2896.3459284837218
8,11251.281973393428,11828.3459706216,11251.501973393428,2984.987996291021
