Server number,OCC,DINA,MEDIA,Ours
1,13688.983636363628,20948.877629448405,13688.983636363635,13688.983636363642
2,13688.983636363628,13874.685108865106,11301.191029829546,9642.239602272739
3,1627.357775537636,5707.475932178875,1606.7773118279565,1447.8248387096749
4,1627.357775537636,4167.224235016496,1506.3805376344083,1127.7649647177411
5,1627.357775537636,4167.224235016496,1506.3805376344083,1001.6032795698925
6,1627.357775537636,3239.82965282869,1506.3805376344083,935.7445228494624
7,1470.3099939320377,3239.82965282869,1365.1036392107733,825.6805438682906
8,775.1024016497458,3239.82965282869,758.5293908629443,473.97898132607384
