Server number,OCC,DINA,MEDIA,Ours
1,13688.983636363637,61600.42636363636,13688.983636363635,13688.983636363626
2,13688.983636363637,13784.296136363637,13688.983636363635,9886.548749999998
3,1619.1270967741934,9582.748443914956,1619.1270967741934,1471.5740591397846
4,1619.1270967741934,4167.224235016496,1619.1270967741934,1167.714853410618
5,1619.1270967741934,4234.880485016495,1619.1270967741934,1048.5204637096767
6,1619.1270967741934,3239.82965282869,1619.1270967741934,985.5477284946234
7,1461.9302912621358,3507.811006815928,1461.9302912621354,872.1009385765734
8,764.3594923857868,3458.639012272999,764.3594923857867,510.75844553381376
