Server number,OCC,DINA,MEDIA,Ours
1,20561.07702909272,20561.07702909272,26879.43569017418,20561.077029092718
2,20561.07702909272,21056.077029092714,26883.173327423836,15474.798460003176
3,3239.8873195704764,21056.077029092714,3179.7301785124964,2785.508760681021
4,3239.8873195704764,21056.077029092714,3179.7301785124964,2629.87028647866
5,3239.8873195704764,21056.077029092714,3179.7301785124964,2504.2540930538535
6,3239.8873195704764,21056.077029092714,3179.7301785124964,2491.416404489658
7,3016.9128225247982,21056.077029092714,2871.0185106957492,2245.58388038872
8,2027.4493437566202,21056.077029092714,1501.0908964551377,1411.9805937566205
