Server number,OCC,DINA,MEDIA,Ours
1,9738.77017018898,9738.770170188982,9738.80517018898,9740.900170188983
2,9738.77017018898,9753.770942665178,9738.775170188983,5211.535074823416
3,3669.914599955332,6683.162760870107,3669.949599955332,2532.0300076421263
4,3669.914599955332,3684.9153724315283,3669.949599955332,2256.849223833789
5,3669.914599955332,3684.9153724315283,3669.9495999553324,1437.5194196069383
6,3669.914599955332,3684.9153724315283,3669.949599955332,1621.6955237497525
7,3590.8743308663315,3644.9240274164376,3590.9093308663314,1351.2772408502783
8,3240.1281215383897,3428.41097231617,3240.1681215383887,1101.9549896331362
