Server number,OCC,DINA,MEDIA,Ours
1,20561.07702909272,20561.07702909272,26879.43569017418,20561.07702909272
2,20561.07702909272,21056.077029092714,26883.173327423836,17240.70669289731
3,3239.8873195704764,21056.077029092714,3179.7301785124964,2547.5088224478113
4,3239.8873195704764,21056.077029092714,3179.7301785124964,2451.3967321171795
5,3239.8873195704764,21056.077029092714,3179.7301785124964,2293.6828429667144
6,3239.8873195704764,21056.077029092714,3179.7301785124964,2225.4044454966943
7,3016.9128225247982,21056.077029092714,2871.0185106957492,2010.198840078609
8,2027.4493437566202,21056.077029092714,1501.0908964551377,1129.227066497945
