Server number,OCC,DINA,MEDIA,Ours
1,11068.16626735963,13929.896660578625,11068.16626735963,11068.16626735963
2,11068.16626735963,14683.646660578625,9822.516477964105,10004.193965981403
3,1309.1379456016764,9680.054314311472,1309.1379456016764,1219.4278522381326
4,1309.1379456016764,4924.61833882067,1309.1379456016764,1125.2214179635741
5,1309.1379456016764,4924.61833882067,1309.1379456016764,1125.2214179635741
6,1309.1379456016764,4924.61833882067,1309.1379456016764,1125.2214179635741
7,1182.0371741840381,4859.451969167653,1182.037174184039,1015.9766201030332
8,618.0194362485073,4508.3376671458345,618.0194362485073,531.1958978203675
