Server number,OCC,DINA,MEDIA,Ours
1,9714.84421739715,9714.84421739715,9714.84921739715,9716.319217397151
2,9714.84421739715,9729.84430322784,9714.84421739715,5303.640357275646
3,3652.734648549847,6513.940625264329,3652.7696485498464,2296.341811084063
4,3652.734648549847,3667.7347343805354,3652.734648549847,1647.1056007294821
5,3652.734648549847,3667.7347343805354,3652.739648549846,1636.672701979482
6,3652.734648549847,3667.7347343805354,3652.7346485498465,1437.935323915767
7,3573.7822388206023,3625.851072934172,3573.817238820602,1396.2270137212695
8,3223.42591097641,3402.920919390321,3223.4609109764087,1269.4036264605588
