Server number,OCC,DINA,MEDIA,Ours
1,20969.68998197719,20969.68998197719,20969.689981977168,20969.689981977182
2,20969.68998197719,20969.68998197719,20001.88684197111,20791.3930547081
3,2480.285911846764,2480.2859118467645,2480.2859118467654,2459.1970279762268
4,2480.285911846764,2480.285911846764,2480.2859118467654,2459.1970279762268
5,2480.285911846764,2480.285911846764,2480.2859118467654,2459.1970279762268
6,2480.285911846764,2480.2859118467645,2480.2859118467654,2459.1970279762268
7,2239.4814543859134,2239.481454385913,2239.481454385914,2220.4400349688262
8,1170.8963949327365,1170.8963949327365,1170.8963949327367,1160.9407289430922
