Server number,OCC,DINA,MEDIA,Ours
1,3423.893135454405,15407.519109544823,3423.8931354544056,3423.893135454405
2,3423.893135454405,3423.8931354544047,3181.050888186106,3115.069820905774
3,404.9766074193382,1513.392617151464,404.9766074193383,369.3148167737383
4,404.9766074193382,404.9766074193382,404.9766074193383,362.23628763294874
5,404.9766074193382,404.9766074193382,404.9766074193383,362.23628763294874
6,404.9766074193382,404.9766074193382,404.9766074193383,362.23628763294874
7,365.65849019415975,365.6584901941598,365.65849019415975,327.0677160180994
8,191.18185020303784,191.18185020303784,191.18185020303795,171.00494796885397
