Server number,OCC,DINA,MEDIA,Ours
1,2671.1542436317936,2671.1542436317936,2671.1542436317936,2671.1542436317936
2,2671.1542436317936,2982.4042436317936,2671.1542436317936,1957.1507418161427
3,329.3772795695595,2982.4042436317936,315.9429750532229,329.3772795695595
4,329.3772795695595,2982.4042436317936,315.9429750532229,329.3772795695595
5,329.3772795695595,2982.4042436317936,315.9429750532229,329.3772795695595
6,329.3772795695595,2982.4042436317936,315.9429750532229,329.3772795695595
7,298.91589320358287,2982.4042436317936,285.2688998053372,298.91589320358287
8,163.74155837547735,2982.4042436317936,149.15074456827276,163.74155837547735
