Server number,OCC,DINA,MEDIA,Ours
1,1828.4984866063837,1828.4984866063837,1828.4984866063837,1829.0534866063838
2,1828.4984866063837,1828.4984866063837,1828.4984866063837,919.2164590672462
3,382.198565946287,382.198565946287,382.198565946287,310.54107904363684
4,382.198565946287,382.198565946287,382.198565946287,324.72938670508375
5,382.198565946287,382.198565946287,382.198565946287,143.02587625683583
6,382.198565946287,382.198565946287,382.198565946287,283.70112306943406
7,363.3620763331435,363.3620763331435,363.3620763331435,255.6487155783868
8,279.77395846608704,279.77395846608704,279.77395846608704,187.455732955243
