Server number,OCC,DINA,MEDIA,Ours
1,13688.983636363628,13688.983636363628,13688.983636363635,13688.983636363628
2,13688.983636363628,13784.296136363635,11301.191029829546,8908.628181818178
3,1627.357775537636,13784.296136363635,1606.7773118279565,1520.8327489613882
4,1627.357775537636,13784.296136363635,1506.3805376344083,1190.0933988575268
5,1627.357775537636,13784.296136363635,1506.3805376344083,1101.0860909498206
6,1627.357775537636,13784.296136363635,1506.3805376344083,1046.8645452508954
7,1470.3099939320377,13784.296136363635,1365.1036392107733,896.9153766572708
8,775.1024016497458,13784.296136363635,758.5293908629443,582.4028859777736
