Server number,OCC,DINA,MEDIA,Ours
1,4452.11756421479,4452.11756421479,4452.11756421479,4453.397564214783
2,4452.11756421479,4452.11756421479,4452.11756421479,2228.6578006043483
3,1168.3109262498729,1168.3109262498729,1168.3109262498729,913.2552980570337
4,1168.3109262498729,1168.3109262498729,1168.3109262498729,549.8745470397324
5,1168.3109262498729,1168.3109262498729,1168.3109262498729,678.8372029376679
6,1168.3109262498729,1168.3109262498729,1168.3109262498729,532.7852497559845
7,1125.5429023123709,1125.5429023123709,1125.5429023123709,791.6881133217854
8,935.7570823826037,935.7570823826037,935.7570823826037,430.558239478611
