Server number,OCC,DINA,MEDIA,Ours
1,1640.3157636754754,1640.3157636754754,1640.3157636754752,1640.3157636754752
2,1640.3157636754754,1640.3157636754754,1592.25248956648,1391.194909152876
3,194.0158430153788,194.0158430153788,194.01584301537872,189.5551736610071
4,194.0158430153788,194.0158430153788,194.01584301537872,178.36094129472585
5,194.0158430153788,194.0158430153788,194.01584301537872,172.3622896583245
6,194.0158430153788,194.0158430153788,194.01584301537872,170.10209804564786
7,175.17935340223525,175.17935340223522,175.17935340223528,154.9572030316579
8,91.59123553517884,91.59123553517884,91.59123553517885,91.5912355351789
