Server number,OCC,DINA,MEDIA,Ours
1,20969.68998197719,149617.07952528345,20969.689981977168,20969.689981977182
2,20969.68998197719,117010.32192799516,20001.88684197111,20791.3930547081
3,2480.285911846764,32365.234999127388,2480.2859118467654,2459.1970279762268
4,2480.285911846764,15302.304298555104,2480.2859118467654,2459.1970279762268
5,2480.285911846764,14631.184512999218,2480.2859118467654,2459.1970279762268
6,2480.285911846764,13003.843231867391,2480.2859118467654,2459.1970279762268
7,2239.4814543859134,13014.015353053763,2239.481454385914,2220.4400349688262
8,1170.8963949327365,11863.466841097732,1170.8963949327367,1160.9407289430922
