Server number,OCC,DINA,MEDIA,Ours
1,20561.07702909272,235925.50108383846,26879.43569017418,20561.077029092732
2,20561.07702909272,118873.9705142006,26883.173327423836,19140.541297956803
3,3239.8873195704764,25657.06872631837,3179.7301785124964,2369.7377098926495
4,3239.8873195704764,15044.183630863878,3179.7301785124964,2250.0502255917286
5,3239.8873195704764,11616.075204323315,3179.7301785124964,2203.6305764655126
6,3239.8873195704764,11616.075204323315,3179.7301785124964,2183.620312065375
7,3016.9128225247982,11616.075204323315,2871.0185106957492,1962.8631906799164
8,2027.4493437566202,11616.075204323315,1501.0908964551377,1040.021474014615
