Server number,OCC,DINA,MEDIA,Ours
1,1640.3157636754754,1828.4984866063837,1640.3157636754756,1640.3157636754752
2,1640.3157636754754,1828.4984866063837,1417.0356255106692,1391.194909152876
3,194.0158430153788,382.198565946287,194.01584301537878,189.5551736610071
4,194.0158430153788,382.198565946287,194.01584301537878,178.36094129472585
5,194.0158430153788,382.198565946287,194.01584301537878,172.3622896583245
6,194.0158430153788,382.198565946287,194.01584301537878,170.10209804564786
7,175.17935340223525,363.3620763331435,175.1793534022352,154.9572030316579
8,91.59123553517884,279.77395846608704,91.59123553517882,91.5912355351789
