Server number,OCC,DINA,MEDIA,Ours
1,21656.418487294683,154285.78763792495,21656.418487294683,21656.41848729469
2,21656.418487294683,120583.49771854612,20111.41461543648,20801.557362171527
3,2561.5118640886185,15625.509212068826,2561.5118640886203,2460.399257891255
4,2561.5118640886185,12605.38096289794,2561.5118640886203,2460.399257891255
5,2561.5118640886185,11900.735426127192,2561.5118640886203,2460.399257891255
6,2561.5118640886185,11482.689085139136,2561.5118640886203,2460.399257891255
7,2312.821391847005,10227.950388823636,2312.8213918470055,2221.525543532881
8,1209.2416414225459,5364.318243536829,1209.2416414225465,1161.5082791060238
