Server number,OCC,DINA,MEDIA,Ours
1,21656.4184872947,21656.4184872947,21656.41848729467,21656.418487294697
2,21656.4184872947,21701.4184872947,20709.331706403245,19784.499435923426
3,3196.50396419885,21701.4184872947,2561.511864088618,2541.3526392480644
4,3196.50396419885,21701.4184872947,2561.511864088618,2541.3526392480644
5,3196.50396419885,21701.4184872947,2561.511864088618,2541.3526392480644
6,3196.50396419885,21701.4184872947,2561.511864088618,2541.3526392480644
7,3063.9875020431396,21701.4184872947,2312.821391847006,2294.6193733016507
8,2688.3088719819693,21701.4184872947,1209.2416414225459,1199.7248500003552
