Server number,OCC,DINA,MEDIA,Ours
1,3428.2042399850484,15426.919079932717,3428.204239985048,3428.204239985048
2,3428.2042399850484,3463.2042399850484,3265.5710254364585,3075.2647345451064
3,405.4865230089842,2625.246313862985,405.4865230089841,372.890851504053
4,405.4865230089842,1283.8503275950015,405.4865230089841,362.70692699021777
5,405.4865230089842,1736.3503275950013,405.4865230089841,362.70692699021777
6,405.4865230089842,2070.4267048004112,405.4865230089841,362.70692699021777
7,366.11889941587896,2541.7929555201536,366.11889941587884,327.4926622338859
8,191.42257177581487,2045.7179501340345,191.42257177581487,171.22712797000133
