Server number,OCC,DINA,MEDIA,Ours
1,42466.27173629439,42466.271736294395,42466.52673629441,42470.6667362947
2,42466.27173629439,42536.27743122018,42466.5267362944,21238.30517019663
3,13902.63420322667,27596.75943487094,13902.799203226677,8519.714710616137
4,13902.63420322667,13972.639898152458,13902.859203226675,5300.555158120793
5,13902.63420322667,13972.639898152458,13902.979203226669,4621.9359654242535
6,13902.63420322667,13972.639898152458,13902.88920322667,3433.814514454406
7,13530.623768862777,13778.068861022644,13530.938768862776,3167.450576270338
8,11879.803861650003,12737.208140647019,11880.088861650003,2649.985369113194
