Server number,OCC,DINA,MEDIA,Ours
1,21656.418487294683,154285.78763792495,21656.41848729467,21656.41848729469
2,21656.418487294683,120628.49771854612,20709.331706403245,20801.557362171527
3,2561.5118640886185,33818.49560437836,2561.511864088618,2460.399257891255
4,2561.5118640886185,15344.779879116013,2561.511864088618,2460.399257891255
5,2561.5118640886185,14815.92067990147,2561.511864088618,2460.399257891255
6,2561.5118640886185,14643.304952155824,2561.511864088618,2460.399257891255
7,2312.821391847005,13362.5141782515,2312.821391847006,2221.525543532881
8,1209.2416414225459,12333.791173013658,1209.2416414225459,1161.5082791060238
