Server number,OCC,DINA,MEDIA,Ours
1,6875.319389058528,33607.85636447155,6875.3193890585335,6875.319389058532
2,6875.319389058528,30938.937250763378,6344.758616355408,6174.502112727087
3,813.2098202112237,3259.728418351093,813.2098202112237,763.7038698934489
4,813.2098202112237,3337.0316444553837,813.2098202112237,709.3443477408796
5,813.2098202112237,3387.438059614289,813.2098202112237,709.3443477408796
6,813.2098202112237,813.2098202112237,813.2098202112237,709.3443477408796
7,734.2574104819787,734.2574104819787,734.2574104819792,640.475964465066
8,383.90108263778586,383.90108263778586,383.9010826377858,334.86814385736966
