Server number,OCC,DINA,MEDIA,Ours
1,13688.983636363637,61600.42636363636,13688.983636363633,13688.983636363626
2,13688.983636363637,13688.983636363637,11293.988302556818,9886.548749999998
3,1619.1270967741934,5897.191397849461,1625.5866849951121,1471.5740591397846
4,1619.1270967741934,1619.1270967741934,1521.513938172043,1167.714853410618
5,1619.1270967741934,1619.1270967741934,1521.513938172043,1048.5204637096767
6,1619.1270967741934,1619.1270967741937,1521.513938172043,985.5477284946234
7,1461.9302912621358,1461.9302912621358,1391.2701434126734,872.1009385765734
8,764.3594923857868,764.3594923857868,758.5293908629443,510.75844553381376
