Server number,OCC,DINA,MEDIA,Ours
1,31706.424065755386,31706.42406575538,31706.66406575538,31713.23906575534
2,31706.424065755386,31771.428910420906,31706.68906575538,15860.952980803298
3,12611.517442549311,21780.467566084764,12611.722442549311,6964.023286492642
4,12611.517442549311,12676.522287214839,12611.66244254931,4784.620755045235
5,12611.517442549311,12676.522287214839,12577.183536311839,4078.2555043396496
6,12611.517442549311,12676.522287214839,12611.81744254931,3043.500097787378
7,12362.826970307695,12546.40083944347,12363.036970307696,2410.913448982151
8,11259.247219883238,11850.409634050737,11259.52221988324,2638.6985721018714
