Server number,OCC,DINA,MEDIA,Ours
1,6882.970341850358,33686.30832551382,6882.970341850358,6882.970341850355
2,6882.970341850358,30973.366538326612,6383.601950032804,6260.865475481045
3,814.1147716167089,3264.2738527682113,814.114771616709,762.2468009693519
4,814.1147716167089,3336.6350561443132,814.114771616709,713.2874762376765
5,814.1147716167089,3386.6580572155585,814.114771616709,713.2874762376765
6,814.1147716167089,814.1147716167089,814.114771616709,713.2874762376765
7,735.0745025277081,735.0745025277081,735.0745025277076,644.0362649524651
8,384.32829319976616,743.6153642896353,384.3282931997662,336.72962076194887
