Server number,OCC,DINA,MEDIA,Ours
1,895.2832157344537,895.2832157344537,895.2832157344537,895.8582157344537
2,895.2832157344537,895.2832157344537,895.2832157344537,787.1678381869544
3,245.09202915480498,245.09202915480498,245.09202915480498,186.9307464894188
4,245.09202915480498,245.09202915480498,245.09202915480498,124.6261983532515
5,245.09202915480498,245.09202915480498,245.09202915480498,181.19325904790665
6,245.09202915480498,245.09202915480498,245.09202915480498,156.8359210184553
7,236.62399333622088,236.62399333622088,236.62399333622088,206.6516569920965
8,199.04654707933648,199.04654707933648,199.04654707933648,182.4937366561318
