Server number,OCC,DINA,MEDIA,Ours
1,6875.319389058528,6875.319389058528,6875.319389058532,6875.319389058532
2,6875.319389058528,6875.319389058528,6534.709909979405,6174.502112727087
3,813.2098202112237,813.2098202112237,813.2098202112238,763.7038698934489
4,813.2098202112237,813.2098202112237,813.2098202112238,709.3443477408796
5,813.2098202112237,813.2098202112237,813.2098202112238,709.3443477408796
6,813.2098202112237,813.2098202112237,813.2098202112238,709.3443477408796
7,734.2574104819787,734.2574104819787,734.2574104819787,640.475964465066
8,383.90108263778586,383.90108263778586,383.90108263778603,334.86814385736966
