Server number,OCC,DINA,MEDIA,Ours
1,11068.16626735963,54264.65686174842,11068.166267359633,11068.16626735963
2,11068.16626735963,49857.92007811833,10146.3322410388,10004.193965981403
3,1309.1379456016766,8384.265453788223,1309.1379456016768,1219.4278522381326
4,1309.1379456016766,7840.73657497913,1309.1379456016768,1125.2214179635741
5,1309.1379456016766,7881.68414240362,1309.1379456016768,1125.2214179635741
6,1309.1379456016766,4485.9218333549115,1309.1379456016768,1125.2214179635741
7,1182.0371741840381,4051.4273380937293,1182.0371741840377,1015.9766201030332
8,618.0194362485072,3814.0077806372356,618.0194362485075,531.1958978203675
