Server number,OCC,DINA,MEDIA,Ours
1,20969.68998197719,31050.075560437883,20969.689981977193,20969.689981977182
2,20969.68998197719,36195.07556043789,19400.937696485937,20791.3930547081
3,2480.2859118467645,26565.676125206726,2480.2859118467663,2459.1970279762268
4,2480.2859118467645,17705.671490307457,2480.2859118467663,2459.1970279762268
5,2480.2859118467645,17705.671490307457,2480.2859118467663,2459.1970279762268
6,2480.2859118467645,17705.671490307457,2480.2859118467663,2459.1970279762268
7,2239.4814543859134,17580.25899470298,2239.481454385913,2220.4400349688262
8,1170.8963949327363,16908.341125956074,1170.8963949327363,1160.9407289430922
