Server number,OCC,DINA,MEDIA,Ours
1,13688.983636363628,13688.983636363628,13688.983636363635,13688.983636363628
2,13688.983636363628,13784.296136363635,11301.191029829546,9035.260454545454
3,1627.357775537636,13784.296136363635,1606.7773118279565,1451.9190322580644
4,1627.357775537636,13784.296136363635,1506.3805376344083,1170.6274731182798
5,1627.357775537636,13784.296136363635,1506.3805376344083,1046.732979390681
6,1627.357775537636,13784.296136363635,1506.3805376344083,1021.1010954301078
7,1470.3099939320377,13784.296136363635,1365.1036392107733,856.6901897249193
8,775.1024016497458,13784.296136363635,758.5293908629443,599.1099339608693
