Server number,OCC,DINA,MEDIA,Ours
1,105573.35845819664,517058.9027056625,105590.77679559807,112115.63095612374
2,105573.35845819664,257800.74594489826,103785.60104660477,85381.90868306917
3,12487.17143053939,63066.995836111775,12491.660166802774,11786.276906954376
4,12487.17143053939,36832.908214624535,12275.71625282422,9792.403685846615
5,12487.17143053939,26380.992345030805,12275.71625282422,9006.950399367368
6,12487.17143053939,25327.202487789815,12293.337677957768,8661.707016718929
7,11274.824689710329,21159.420158198478,11099.809748058955,7700.395881177049
8,5894.959101726718,18454.94121391335,5905.396893655217,4228.518856470161
