Server number,OCC,DINA,MEDIA,Ours
1,21656.4184872947,21656.4184872947,21656.41848729467,21656.418487294693
2,21656.4184872947,21701.4184872947,20709.331706403245,19784.49943592342
3,3196.50396419885,21701.4184872947,2561.511864088618,3173.1182162403793
4,3196.50396419885,21701.4184872947,2561.511864088618,3173.1182162403793
5,3196.50396419885,21701.4184872947,2561.511864088618,3173.1182162403793
6,3196.50396419885,21701.4184872947,2561.511864088618,3173.1182162403793
7,3063.9875020431396,21701.4184872947,2312.821391847006,3042.0955160223834
8,2688.3088719819693,21701.4184872947,1209.2416414225459,2673.045549341683
