Server number,OCC,DINA,MEDIA,Ours
1,21656.418487294683,31706.42406575538,21656.418487294683,21656.41848729469
2,21656.418487294683,36851.42406575538,20128.658958155327,20801.557362171527
3,2561.511864088618,26860.462721419237,2561.5118640886203,2460.399257891255
4,2561.511864088618,17756.517442549313,2561.5118640886203,2460.399257891255
5,2561.511864088618,17756.517442549313,2561.5118640886203,2460.399257891255
6,2561.511864088618,17756.517442549313,2561.5118640886203,2460.399257891255
7,2312.821391847005,17626.395994777944,2312.8213918470055,2221.525543532881
8,1209.2416414225456,16930.40478938521,1209.2416414225465,1161.5082791060238
