Server number,OCC,DINA,MEDIA,Ours
1,3428.2042399850484,4875.670103174745,3428.2042399850484,3428.204239985048
2,3428.2042399850484,5630.670103174745,3186.247697247508,3075.2647345451064
3,405.4865230089842,4072.699030036749,405.4865230089843,372.890851504053
4,405.4865230089842,2607.9523861986813,405.4865230089843,362.70692699021777
5,405.4865230089842,2607.9523861986813,405.4865230089843,362.70692699021777
6,405.4865230089842,2607.9523861986813,405.4865230089843,362.70692699021777
7,366.11889941587896,2587.6615008037984,366.1188994158789,327.4926622338859
8,191.4225717758149,2478.542671173056,191.422571775815,171.22712797000133
