Server number,OCC,DINA,MEDIA,Ours
1,20969.689981977193,510359.6737224671,20969.689981977168,20969.689981977182
2,20969.689981977193,248630.61294416085,20001.88684197111,20791.3930547081
3,3139.4039293679916,47113.09590828093,2480.2859118467654,2459.1970279762268
4,3139.4039293679916,26387.63831530135,2480.2859118467654,2459.1970279762268
5,3139.4039293679916,19213.957912816615,2480.2859118467654,2459.1970279762268
6,3139.4039293679916,14009.981221988795,2480.2859118467654,2459.1970279762268
7,3018.9318503047857,11817.240702689425,2239.481454385914,2220.4400349688262
8,2683.7786130021423,9453.523668929318,1170.8963949327367,1160.9407289430922
