Server number,OCC,DINA,MEDIA,Ours
1,20969.68998197719,149617.07952528345,20969.689981977193,20969.689981977182
2,20969.68998197719,116885.32192799516,19400.937696485937,20791.3930547081
3,2480.285911846764,15193.655282234584,2480.2859118467663,2459.1970279762268
4,2480.285911846764,12150.318667274252,2480.2859118467663,2459.1970279762268
5,2480.285911846764,11481.500312953862,2480.2859118467663,2459.1970279762268
6,2480.285911846764,11088.736407875007,2480.2859118467663,2459.1970279762268
7,2239.4814543859134,9883.586187271849,2239.481454385913,2220.4400349688262
8,1170.8963949327365,5226.234226535236,1170.8963949327363,1160.9407289430922
