Server number,OCC,DINA,MEDIA,Ours
1,3724.3172845211866,3724.3172845211866,3724.3172845211857,3724.317284521187
2,3724.3172845211866,3724.3172845211866,3369.4826990176275,3053.4454436135343
3,440.51064655626936,440.5106465562693,440.51064655626925,422.52640763059213
4,440.51064655626936,440.51064655626936,440.51064655626925,380.8677823631555
5,440.51064655626936,440.5106465562693,440.51064655626925,364.7051667472284
6,440.51064655626936,440.5106465562693,440.51064655626925,355.68187402333484
7,397.7426226187675,397.7426226187675,397.74262261876754,321.91613824596783
8,207.95680268900026,207.95680268900026,207.95680268900037,190.91479711800608
