Server number,OCC,DINA,MEDIA,Ours
1,11068.16626735963,54264.65686174842,11068.16626735963,11068.16626735963
2,11068.16626735963,49806.74820311833,9822.516477964105,10004.193965981403
3,1309.1379456016766,5240.768340479925,1309.1379456016764,1219.4278522381326
4,1309.1379456016766,5404.8174578234975,1309.1379456016764,1125.2214179635741
5,1309.1379456016766,5538.589219494135,1309.1379456016764,1125.2214179635741
6,1309.1379456016766,1309.1379456016766,1309.1379456016764,1125.2214179635741
7,1182.0371741840381,1182.0371741840381,1182.037174184039,1015.9766201030332
8,618.0194362485072,618.0194362485072,618.0194362485073,531.1958978203675
