Server number,OCC,DINA,MEDIA,Ours
1,105573.35845819664,158360.03768729494,105590.77679559807,107554.24738223522
2,105573.35845819664,133003.0238609242,103785.60104660477,80887.22629954263
3,12487.17143053939,133003.0238609242,12491.660166802774,12619.833470969228
4,12487.17143053939,133003.0238609242,12275.71625282422,11902.602824947702
5,12487.17143053939,133003.0238609242,12275.71625282422,13410.078760144128
6,12487.17143053939,133003.0238609242,12293.337677957768,13253.055144140428
7,11274.824689710329,133003.0238609242,11099.809748058955,11963.982204746053
8,5894.959101726718,133003.0238609242,5905.396893655217,6809.982849340599
