Server number,OCC,DINA,MEDIA,Ours
1,32395.345007015832,231339.55267647599,32395.345007015836,32395.34500701583
2,32395.345007015832,180820.87881708785,28973.242606142034,32058.316415151978
3,3831.707473948109,23452.87617772295,3831.7074739481113,3791.8438770609873
4,3831.707473948109,18961.87233184988,3831.7074739481113,3791.8438770609873
5,3831.707473948109,17898.91347400553,3831.7074739481113,3791.8438770609873
6,3831.707473948109,17300.06898264398,3831.7074739481113,3791.8438770609873
7,3459.697039584215,15346.6162322214,3459.697039584215,3423.7036948220566
8,1808.8771323714425,8068.18378561319,1808.8771323714404,1790.0582769881817
