Server number,OCC,DINA,MEDIA,Ours
1,4871.389055864562,4871.389055864562,4871.394055864561,4872.589055864557
2,4871.389055864562,4876.389771120299,4871.394055864562,2439.9437594130713
3,1852.4725278294948,3306.8901191530213,1852.4775278294944,1439.7130552742913
4,1852.4725278294948,1857.4732430852318,1852.4775278294942,1098.6088912744676
5,1852.4725278294948,1857.4732430852318,1852.4775278294946,1371.777324035684
6,1852.4725278294948,1857.4732430852318,1852.4475278294944,1672.6887901886364
7,1813.1544106043161,1837.0322104406189,1813.154410604316,1096.4024212335094
8,1638.6777706131943,1727.4467464797456,1638.677770613194,1270.925522175726
