Model,DINA_Latency,MEDIA_Latency,Ours_Latency,OCC_Latency
ALBERT,4056.73051900108,4056.73051900108,219.54289580168003,1306.3217245980036
BERT-base,1056.24475270176,1069.9653352069774,605.08510920176,1082.1565301980977
DistillBERT,1333.54587349931,1332.0668203345263,112.1939763,603.9478128913997
InceptionV3,1711.0958171875002,1711.0958171875002,1362.4088187500004,1689.5825229675295
TinyBERT-4l,104.71379160064,104.71379160064,26.6364873,104.71379160064
TinyBERT-6l,1340.90907479892,1341.0826969691832,114.2444304,611.3080558932804
ViT-base,8761.210370909674,8605.448527300921,425.15835730120006,2199.0326746816477
