Server number,OCC,DINA,MEIDA,Ours
1,4405.216566253969,4405.211566253969,5704.0275014651515,5704.0275014651515
2,4405.216566253969,3650.7882030642713,4826.789396136245,4826.789396136245
3,1928.1389995923437,3650.7882030642713,3015.7859531133035,3015.7859531133035
4,1928.1389995923437,3650.7882030642713,2549.5310353906875,2549.5310353906875
5,1928.1389995923437,3650.7882030642713,2746.4896499985894,2746.4896499985894
6,1928.1389995923437,3650.7882030642713,2746.4896499985894,2746.4896499985894
7,1724.9561213173904,3650.7882030642713,2651.8372023517195,2651.8372023517195
8,1598.7039797892862,3650.7882030642713,2435.201753612683,2435.201753612683
