Model,OCC,DINA,MEDIA,Ours
InceptionV3,1514.1263250000009,1611.0434869751616,1403.1100999999996,929.848386132813
ALBERT-large,3088.946139204192,15377.317092800295,2382.206033602415,2283.7694188389605
BERT-large,3040.8598058139323,14429.019662556393,2306.6658980174907,2287.0532360178913
ResNet-50,307.41461999969033,293.8269667994973,293.8269667994973,293.8269667994973
VGG-16,3079.122707200542,5886.695942319297,2957.1490660166214,2031.5316759504412
ViT-large,3931.9310179747263,24388.10447247258,3563.4879507717415,3526.414805666718
