Model,OCC,DINA,MEDIA,Ours
InceptionV3,1514.1263250000009,1609.4388250000002,1403.1100999999996,959.0184166666668
ALBERT-large,3088.946139204192,3133.946139204192,2382.206033602415,3066.6373936028176
BERT-large,3040.8598058139323,3165.8598058139323,2306.6658980174907,3017.802105614719
ResNet-50,307.41461999969033,618.6646199996903,293.8269667994973,307.41461999969033
VGG-16,3079.122707200542,3574.122707200542,2957.1490660166214,2342.7351468003817
ViT-large,3931.9310179747263,3998.4935179747263,3563.4879507717415,3886.7106564715214
YOLOv5,11613.069430401629,15524.782624701656,11432.804040500723,11613.069430401629
