Server Config,OCC,DINA,MEIDA,Ours
8_Mixed_Hetero,4482.26833845448,10554.681559516277,671.9103068108207,635.1525011737679
