Server Config,OCC,DINA,MEIDA,Ours
8_Mixed_Hetero,361.9727204886112,2515.6337952847657,167.40554048186837,169.59817234901556
