Server number,OCC,DINA,MEIDA,Ours
1,3151.35039459485,3151.34539459485,5009.422171633425,5009.422171633425
2,3151.35039459485,3151.34539459485,4615.570877666446,4615.570877666446
3,409.6799012973305,3151.34539459485,2423.2707844785687,2423.2707844785687
4,409.6799012973305,3151.34539459485,2046.127339096638,2046.127339096638
5,409.6799012973305,3151.34539459485,2335.8790658976795,2335.8790658976795
6,409.6799012973305,3151.34539459485,2335.8790658976795,2335.8790658976795
7,409.6799012973305,3151.34539459485,2335.8790658976795,2335.8790658976795
8,409.6799012973305,3151.34539459485,2335.8790658976795,2335.8790658976795
