Server number,OCC,DINA,MEIDA,Ours
1,12227.101850215602,12227.101850215604,12230.176850215601,0.0
2,12227.101850215602,12965.851850215604,7271.339761550278,0.0
3,4229.705999297151,11013.52696096641,3545.1925918730512,0.0
4,4229.705999297151,9298.42345062488,2592.048320519774,0.0
5,4229.705999297151,9298.42345062488,2600.067925389367,0.0
6,4229.705999297151,9298.42345062488,2582.804022388961,0.0
7,3573.717696967275,9298.42345062488,1917.9607512462999,0.0
8,3166.104965571384,9298.42345062488,1960.4142192579122,0.0
