Server number,OCC,DINA,MEIDA,Ours
1,4871.389055864562,4871.389055864562,4879.88905586455,4871.389055864562
2,4871.389055864562,5621.389055864562,4324.340484605464,4323.990484605463
3,1852.4725278294948,4051.889403897284,1862.314873545374,1852.4725278294945
4,1852.4725278294948,2602.4725278294945,1739.9771901653503,1735.43579961837
5,1852.4725278294948,2602.4725278294945,1736.913868372932,1732.948965698161
6,1852.4725278294948,2602.4725278294945,1736.9031209532552,1732.9549367732147
7,1813.1544106043161,2582.0314951848814,1719.4910234170043,1716.22826428076
8,1638.6777706131943,2472.4460312240085,1628.6555635675795,1628.3055635675792
