Server number,OCC,DINA,MEIDA,Ours
1,4348.254066253969,4348.254066253969,4349.699066253966,0.0
2,4348.254066253969,5098.254066253969,4210.445318645221,0.0
3,1871.1764995923438,5098.254066253969,1830.6753480483508,0.0
4,1871.1764995923438,5098.254066253969,1838.8178631976511,0.0
5,1871.1764995923438,5098.254066253969,1836.6599093143186,0.0
6,1871.1764995923438,5098.254066253969,1288.54226909563,0.0
7,1667.9936213173905,5098.254066253969,1153.1778964364562,0.0
8,1541.7414797892861,5098.254066253969,1522.3768388090016,0.0
