Server number,OCC,DINA,MEIDA,Ours
1,27823.969409364476,27823.969409364472,27833.289409364428,27823.969409364472
2,27823.969409364476,32903.96940936447,13919.352472912577,27823.969409364472
3,12672.145014435398,28484.49588705114,6929.564014877826,12672.1450144354
4,12672.145014435398,26071.7396381106,4716.611531368545,12672.1450144354
5,12672.145014435398,24234.82868522028,3496.1056897312023,12672.1450144354
6,12672.145014435398,24062.215709694865,3022.520066563815,12672.1450144354
7,11429.313004201913,22104.221511773238,2522.5114381680683,11429.313004201915
8,10657.052052965064,21797.915601591176,2226.327669672153,10657.052052965066
